,CDID,ADDRESS1,ADDRESS2,ADDRESS3,CITY,STATEPROVINCE,POSTALCODE,COUNTRY,Scenario,Use Case,Raw Data
0,710616846,6th Floor,Farringdon Street,,London,MIDDLESEX,EC4A 4AB,GB,Special character ,Swapping the order of dataset  - City,"6th Floor,Farringdon Street,London,MIDDLESEX,EC4A 4AB"
1,710499026,1ST FLOOR,7 PRINCES STREET,,LONDON,UNITED KINGDOM-NA,EC2R 8AQ,GB,Special character ,Swapping the order of dataset  - City,"1ST FLOOR,7 PRINCES STREET,LONDON, ,EC2R 8AQ"
2,710492646,6TH FLOOR,65 GRESHAM STREET,,LONDON,UNITED KINGDOM-NA,EC2V 7NQ,GB,Special character ,Swapping the order of dataset  - City,"6TH FLOOR,65 GRESHAM STREET,LONDON, ,EC2V 7NQ"
3,710655173,6TH FLOOR,130 JERMYN STREET,,LONDON,UNITED KINGDOM-NA,SW1Y 4UR,GB,Special character ,Swapping the order of dataset  - City,"6TH FLOOR,130 JERMYN STREET,LONDON, ,SW1Y 4UR"
4,710680968,2ND FLOOR,36 QUEEN STREET,,LONDON,GB-LND,EC4R 1BN,GB,Special character ,Swapping the order of dataset  - City,"2ND FLOOR,36 QUEEN STREET,LONDON, ,EC4R 1BN"
5,710705623,1ST FLOOR,10 NEW BURLINGTON STREET,,LONDON,,W1S 3BE,GB,Special character ,Swapping the order of dataset  - City,"1ST FLOOR,10 NEW BURLINGTON STREET,LONDON,W1S 3BE"
6,710787429,7TH FLOOR,20 GRESHAM STREET,,LONDON,GB-ENG,EC2V 7JE,GB,Special character ,Swapping the order of dataset  - City,"7TH FLOOR,20 GRESHAM STREET,LONDON, ,EC2V 7JE"
7,710819140,3RD FLOOR,11 HILL STREET,,LONDON,GB-ENG,W1J 5LF,GB,Special character ,Swapping the order of dataset  - City,"3RD FLOOR,11 HILL STREET,LONDON, ,W1J 5LF"
8,710851358,6TH FLOOR,130 JERMYN STREET,,LONDON,,SW1Y 4UR,GB,Special character ,Swapping the order of dataset  - City,"6TH FLOOR,,130 JERMYN STREET,LONDON,SW1Y 4UR"
9,710863884,"SUITE 2, 3RD FLOOR, 11-12 ST. JAMES'S SQUARE","1 GREAT WINCHESTER STREET, MAILSTOP 428",,LONDON,UNITED KINGDOM-NA,SW1Y 4LB,GB,Special character ,Swapping the order of dataset  - City,"SUITE 2, 3RD FLOOR, 11-12 ST. JAMES'S SQUARE,1 GREAT WINCHESTER STREET, MAILSTOP 428,LONDON, ,SW1Y 4LB"
10,710967976,THIRD FLOOR CLAREVILLE HOUSE,26-27 OXENDON STREET,,LONDON,GB-LND,SW1Y 4EL,GB,Special character ,Swapping the order of dataset  - City,"THIRD FLOOR CLAREVILLE HOUSE,26-27 OXENDON STREET,LONDON, ,SW1Y 4EL"
11,710947560,CUNARD HOUSE 5TH FLOOR,15 REGENT STREET,,LONDON,GB-ENG,SW1Y 4LR,GB,Special character ,Swapping the order of dataset  - City,"CUNARD HOUSE 5TH FLOOR,15 REGENT STREET,LONDON, ,SW1Y 4LR"
12,712130273,ASTICUS BUILDING 2ND FLOOR,21 PALMER STREET,,LONDON,UNITED KINGDOM-NA,SW1H 0AD,GB,Special character ,Swapping the order of dataset  - City,"ASTICUS BUILDING 2ND FLOOR,21 PALMER STREET,LONDON, ,SW1H 0AD"
13,712784154,2ND FLOOR,11 THISTLE STREET,,EDINBURGH,UNITED KINGDOM-NA,EH2 1DF,GB,Special character ,Swapping the order of dataset  - City,"2ND FLOOR,11 THISTLE STREET,EDINBURGH, ,EH2 1DF"
14,712714194,FIFTH FLOOR,100 WOOD STREET,,LONDON,GB-ENG,EC2V 7EX,GB,Special character ,Swapping the order of dataset  - City,"FIFTH FLOOR,100 WOOD STREET,LONDON, ,EC2V 7EX"
15,712736450,8TH FLOOR,165 FLEET STREET,,LONDON,UNITED KINGDOM-NA,EC4A 2DY,GB,Special character ,Swapping the order of dataset  - City,"8TH FLOOR,165 FLEET STREET,LONDON, ,EC4A 2DY"
16,712778073,4TH FLOOR ROPEMAKER PLACE,25 ROPEMAKER STREET,,LONDON,UNITED KINGDOM-NA,EC2Y 9LY,GB,Special character ,Swapping the order of dataset  - City,"4TH FLOOR ROPEMAKER PLACE,25 ROPEMAKER STREET,LONDON, ,EC2Y 9LY"
17,712192180,REGENTS PLACE 14TH FLOOR,10 BROCK STREET,,LONDON,GB-LND,NW1 3FG,GB,Special character ,Swapping the order of dataset  - City,"REGENTS PLACE 14TH FLOOR,10 BROCK STREET,LONDON, ,NW1 3FG"
18,712137592,6TH FLOOR,12 ARTHUR STREET,,LONDON,UNITED KINGDOM-NA,EC4R 9AB,GB,Special character ,Swapping the order of dataset  - City,"6TH FLOOR,12 ARTHUR STREET,LONDON, ,EC4R 9AB"
19,711679204,6TH FLOOR GORDON CHAMBERS,90 MITCHELL STREET,,GLASGOW,GB-SCT,G1 3NQ,GB,Special character ,Swapping the order of dataset  - City,"6TH FLOOR GORDON CHAMBERS,90 MITCHELL STREET,GLASGOW,GB-SCT,G1 3NQ"
20,714634044,4TH FLOOR,61 DUBLIN STREET,,EDINBURGH,UNITED KINGDOM-NA,EH3 6NL,GB,Special character ,Swapping the order of dataset  - City,"4TH FLOOR,61 DUBLIN STREET,EDINBURGH, ,EH3 6NL"
21,712142552,7th Floor,85 Fleet Street,,London,,EC4Y 1AE,GB,Special character ,Swapping the order of dataset  - City,"7th Floor,85 Fleet Street,London,EC4Y 1AE"
22,711639890,7TH FLOOR DASHWOOD HOUSE,69 OLD BROAD STREET,,LONDON,GB-ENG,EC2M 1QS,GB,Special character ,Swapping the order of dataset  - City,"7TH FLOOR DASHWOOD HOUSE,69 OLD BROAD STREET,LONDON, ,EC2M 1QS"
23,711917075,5TH FLOOR,6 ST. ANDREW STREET,,LONDON,UNITED KINGDOM-NA,EC4A 3AE,GB,Special character ,Swapping the order of dataset  - City,"5TH FLOOR,6 ST. ANDREW STREET,LONDON, ,EC4A 3AE"
24,711891760,5th floor,34 threadneedle street,,london,GB-ENG,EC2R 8AY,GB,Special character ,Swapping the order of dataset  - City,"5th floor,34 threadneedle street,london, ,EC2R 8AY"
25,712723008,1ST FLOOR,14 FLORAL STREET,,LONDON,GB-LND,WC2E 9DH,GB,Special character ,Swapping the order of dataset  - City,"1ST FLOOR,14 FLORAL STREET,LONDON, ,WC2E 9DH"
26,712723059,3RD FLOOR,24 KING WILLIAM STREET,,LONDON,,EC4R 9AT,GB,Special character ,Swapping the order of dataset  - City,"3RD FLOOR,24 KING WILLIAM STREET,LONDON,EC4R 9AT"
27,712723165,2ND FLOOR WAVERLEY HOUSE,7-12 NOEL STREET,,LONDON,GB-ENG,W1F 8GQ,GB,Special character ,Swapping the order of dataset  - City,"2ND FLOOR WAVERLEY HOUSE,7-12 NOEL STREET,LONDON, ,W1F 8GQ"
28,711576859,1st Floor,14-15 Conduit Street,,London,GB-ENG,W1S 2XJ,GB,Special character ,Swapping the order of dataset  - City,"1st Floor,14-15 Conduit Street,London, ,W1S 2XJ"
29,712723123,FIRST FLOOR,55 HIGH STREET,,LYMINGTON,GB-ENG,SO41 9AH,GB,Special character ,Swapping the order of dataset  - City,"FIRST FLOOR,55 HIGH STREET,LYMINGTON, ,SO41 9AH"
30,712722864,EIGHTH FLOOR,6 NEW STREET SQUARE,,LONDON,GB-LND,EC4A 3AQ,GB,Special character ,Swapping the order of dataset  - City,"EIGHTH FLOOR,6 NEW STREET SQUARE,LONDON, ,EC4A 3AQ"
31,712673064,7TH FLOOR,21 LOMBARD STREET,,LONDON,UNITED KINGDOM-NA,EC3V 9AH,GB,Special character ,Swapping the order of dataset  - City,"7TH FLOOR,21 LOMBARD STREET,LONDON, ,EC3V 9AH"
32,711927952,8th Floor,6 New Street Square,,London,MIDDLESEX,EC4A 3AQ,GB,Special character ,Swapping the order of dataset  - City,"8th Floor,6 New Street Square,London,MIDDLESEX,EC4A 3AQ"
33,712751964,4TH FLOOR,7/10 CHANDOS STREET,,LONDON,UNITED KINGDOM-NA,W1G 9DQ,GB,Special character ,Swapping the order of dataset  - City,"4TH FLOOR,7/10 CHANDOS STREET,LONDON, ,W1G 9DQ"
34,712751983,4TH FLOOR,7-10 CHANDOS STREET,,LONDON,UNITED KINGDOM-NA,W1G 9DQ,GB,Special character ,Swapping the order of dataset  - City,"4TH FLOOR,7-10 CHANDOS STREET,LONDON, ,W1G 9DQ"
35,712751987,4TH FLOOR,"IMPERIAL HOUSE, 8 KEAN STREET",,LONDON,GB-LND,WC2B 4AS,GB,Special character ,Swapping the order of dataset  - City,"4TH FLOOR,IMPERIAL HOUSE, 8 KEAN STREET,LONDON, ,WC2B 4AS"
36,712702248,FIFTH FLOOR,100 WOOD STREET,,LONDON,UNITED KINGDOM-NA,EC2V 7EX,GB,Special character ,Swapping the order of dataset  - City,"FIFTH FLOOR,100 WOOD STREET,LONDON, ,EC2V 7EX"
37,712671808,UPPER GROUND FLOOR,1 VICTORIA STREET,,LONDON,GB-LND,SW1H 0ET,GB,Special character ,Swapping the order of dataset  - City,"UPPER GROUND FLOOR,1 VICTORIA STREET,LONDON, ,SW1H 0ET"
38,712671854,2ND FLOOR,6 ST. ANDREW STREET,,LONDON,GB-ENG,EC4A 3AE,GB,Special character ,Swapping the order of dataset  - City,"2ND FLOOR,6 ST. ANDREW STREET,LONDON, ,EC4A 3AE"
39,712752810,"7TH FLOOR, SOUTH BLOCK",55 BAKER STREET,,LONDON,,W1U 8EW,GB,Special character ,Swapping the order of dataset  - City,"7TH FLOOR, SOUTH BLOCK,55 BAKER STREET,LONDON,W1U 8EW"
40,711533108,4th Floor,20 Gresham Street,,London,GB-ENG,EC2V 7JE,GB,Special character ,Swapping the order of dataset  - City,"4th Floor,20 Gresham Street,London, ,EC2V 7JE"
41,711556511,4TH FLOOR,115 GEORGE STREET,,EDINBURGH,UNITED KINGDOM-NA,EH2 4JN,GB,Special character ,Swapping the order of dataset  - City,"4TH FLOOR,115 GEORGE STREET,EDINBURGH, ,EH2 4JN"
42,710434601,Hydro House,Newcombe Way,Orton Southgate,Peterborough,CAMBRIDGESHIRE,PE2 6SE,GB,Special character ,Swapping the order of dataset  - City,"Hydro House,Newcombe Way,Orton Southgate,Peterborough,CAMBRIDGESHIRE,PE2 6SE"
43,710584880,SWAN HOUSE,WESTPOINT ROAD,THORNABY,STOCKTON ON TEES,GB-STT,TS17 6BP,GB,Special character ,Swapping the order of dataset  - City,"SWAN HOUSE,WESTPOINT ROAD,THORNABY,STOCKTON ON TEES,GB-STT,TS17 6BP"
44,710007208,MILLER HOUSE,"2 LOCHSIDE VIEW, EDINBURGH PARK",,EDINBURGH,GB-SCT,EH12 9DH,GB,Special character ,Swapping the order of dataset  - City,"MILLER HOUSE,2 LOCHSIDE VIEW, EDINBURGH PARK,EDINBURGH,GB-SCT,EH12 9DH"
45,710625091,ATHENA HOUSE ATHENA DRIVE,TACHBROOK PARK,,WARWICK,GB-ENG,CV34 6RL,GB,Special character ,Swapping the order of dataset  - City,"ATHENA HOUSE ATHENA DRIVE,TACHBROOK PARK,WARWICK, ,CV34 6RL"
46,710622912,"6TH FLOOR, BASILDON HOUSE",7 - 11 MOORGATE,,LONDON,GB-LND,EC2R 6AF,GB,Special character ,Swapping the order of dataset  - City,"6TH FLOOR, BASILDON HOUSE,7 - 11 MOORGATE,LONDON, ,EC2R 6AF"
47,710631152,FORESTERS HOUSE,CROMWELL AVENUE,,BROMLEY,GB-LND,BR2 9BF,GB,Special character ,Swapping the order of dataset  - City,"FORESTERS HOUSE,CROMWELL AVENUE,BROMLEY, ,BR2 9BF"
48,717194022,16-20 ARBOR HOUSE,BROADWAY NORTH,,WALSALL,GB-WLL,WS1 2AN,GB,Special character ,Swapping the order of dataset  - City,"16-20 ARBOR HOUSE,BROADWAY NORTH,WALSALL,GB-WLL,WS1 2AN"
49,710692233,GLOBE HOUSE,4 TEMPLE PLACE,,LONDON,GB-ENG,WC2R 2PG,GB,Special character ,Swapping the order of dataset  - City,"GLOBE HOUSE,4 TEMPLE PLACE,LONDON, ,WC2R 2PG"
50,710687322,COUNTRYWIDE HOUSE ASPARAGUS WAY,VALE PARK,,EVESHAM,GB-ENG,WR11 1GN,GB,Special character ,Swapping the order of dataset  - City,"COUNTRYWIDE HOUSE ASPARAGUS WAY,VALE PARK,EVESHAM, ,WR11 1GN"
51,710646279,Hydro House,Newcombe Way,Orton Southgate,Peterborough,GB-ENG,PE2 6SE,GB,Special character ,Swapping the order of dataset  - City,"Hydro House,Newcombe Way,Orton Southgate,Peterborough, ,PE2 6SE"
52,710711237,JUBILEE HOUSE,5 MID POINT BUSINESS PARK,,THORNBURY,,BD3 7AG,GB,Special character ,Swapping the order of dataset  - City,"JUBILEE HOUSE,5 MID POINT BUSINESS PARK,THORNBURY,BD3 7AG"
53,710098174,BMI HEALTHCARE HOUSE 3 PARIS GARDEN,SOUTHWARK,,LONDON,GB-ENG,SE1 8ND,GB,Special character ,Swapping the order of dataset  - City,"BMI HEALTHCARE HOUSE 3 PARIS GARDEN,SOUTHWARK,LONDON, ,SE1 8ND"
54,710740904,"4TH FLOOR, LANSDOWNE HOUSE",57 BERKELEY SQUARE,,LONDON,UNITED KINGDOM-NA,W1J 6ER,GB,Special character ,Swapping the order of dataset  - City,"4TH FLOOR, LANSDOWNE HOUSE,57 BERKELEY SQUARE,LONDON, ,W1J 6ER"
55,817633437,Quadrant House Floor 6,4 Thomas More Square,,London,UNITED KINGDOM-NA,E1W 1YW,GB,Special character ,Swapping the order of dataset  - City,"Quadrant House Floor 6,4 Thomas More Square,London, ,E1W 1YW"
56,710747569,"2ND FLOOR, SOLAR HOUSE",915 HIGH ROAD,,LONDON,,N12 8QJ,GB,Special character ,Swapping the order of dataset  - City,"2ND FLOOR, SOLAR HOUSE,915 HIGH ROAD,LONDON,N12 8QJ"
57,710739586,DEVONSHIRE HOUSE,60 GOSWELL ROAD,,LONDON,GB-LND,EC1M 7AD,GB,Special character ,Swapping the order of dataset  - City,"DEVONSHIRE HOUSE,60 GOSWELL ROAD,LONDON, ,EC1M 7AD"
58,710775070,SACKVILLE HOUSE 40 PICCADILLY,5TH FLOOR,,LONDON,,W1J 0DR,GB,Special character ,Swapping the order of dataset  - City,"SACKVILLE HOUSE 40 PICCADILLY,5TH FLOOR,LONDON,W1J 0DR"
59,710705111,PRINCES HOUSE,38 JERMYN STREET,,LONDON,GB-LND,SW1Y 6DN,GB,Special character ,Swapping the order of dataset  - City,"PRINCES HOUSE,38 JERMYN STREET,LONDON, ,SW1Y 6DN"
60,710016518,EVERSHEDS HOUSE 70,GREAT BRIDGEWATER STREET,,MANCHESTER,GB-ENG,M1 5ES,GB,Special character ,Swapping the order of dataset  - City,"EVERSHEDS HOUSE 70,GREAT BRIDGEWATER STREET,MANCHESTER, ,M1 5ES"
61,710830469,"WINCHESTER HOUSE, MAILSTOP 429",1 GREAT WINCHESTER STREET,,LONDON,UNITED KINGDOM-NA,EC2N 2DB,GB,Special character ,Swapping the order of dataset  - City,"WINCHESTER HOUSE, MAILSTOP 429,1 GREAT WINCHESTER STREET,LONDON, ,EC2N 2DB"
62,710757115,LANCASTER HOUSE,"LANCASTER WAY, ERMINE BUSINESS PARK",,HUNTINGDON,CAMBRIDGESHIRE,PE29 6XU,GB,Special character ,Swapping the order of dataset  - City,"LANCASTER HOUSE,LANCASTER WAY, ERMINE BUSINESS PARK,HUNTINGDON,CAMBRIDGESHIRE,PE29 6XU"
63,710829404,Albion House,32 Pinchbeck Road,Spalding,,,PE11 1QD,GB,Special character ,Swapping the order of dataset  - City,"Albion House,32 Pinchbeck Road,Spalding,N/A,PE11 1QD"
64,710841165,SUITE 815 SALISBURY HOUSE,29 FINSBURY CIRCUS,,LONDON,GB-ENG,EC2M 5QQ,GB,Special character ,Swapping the order of dataset  - City,"SUITE 815 SALISBURY HOUSE,29 FINSBURY CIRCUS,LONDON, ,EC2M 5QQ"
65,710843583,BOW BELLS HOUSE,1 BREAD STREET,,LONDON,UNITED KINGDOM-NA,EC4M 9HH,GB,Special character ,Swapping the order of dataset  - City,"BOW BELLS HOUSE,1 BREAD STREET,LONDON, ,EC4M 9HH"
66,710884299,KINGFISHER HOUSE HURSTWOOD GRANGE,HURSTWOOD LANE,,HAYWARDS HEATH,GB-ENG,RH17 7QX,GB,Special character ,Swapping the order of dataset  - City,"KINGFISHER HOUSE HURSTWOOD GRANGE,HURSTWOOD LANE,HAYWARDS HEATH, ,RH17 7QX"
67,710884358,QUALITY HOUSE,VICARAGE LANE,,BLACKPOOL,,FY4 4NQ,GB,Special character ,Swapping the order of dataset  - City,"QUALITY HOUSE,VICARAGE LANE,BLACKPOOL,FY4 4NQ"
68,710880315,Dawson House,5 Jewry Street,,London,,EC3N 2EX,GB,Special character ,Swapping the order of dataset  - City,"Dawson House,5 Jewry Street,London,EC3N 2EX"
69,710892610,HORSEFERRY HOUSE,HORSEFERRY ROAD,,LONDON,,SW1P 2AW,GB,Special character ,Swapping the order of dataset  - City,"HORSEFERRY HOUSE,HORSEFERRY ROAD,LONDON,SW1P 2AW"
70,710867196,MALTA HOUSE,36-38 PICCADILLY,,LONDON,UNITED KINGDOM-NA,W1J 0DP,GB,Special character ,Swapping the order of dataset  - City,"MALTA HOUSE,36-38 PICCADILLY,LONDON, ,W1J 0DP"
71,710030094,NOMURA HOUSE,1 ST MARTIN'S-LE-GRAND,,LONDON,UNITED KINGDOM-NA,EC1A 4NP,GB,Special character ,Swapping the order of dataset  - City,"NOMURA HOUSE,1 ST MARTIN'S-LE-GRAND,LONDON, ,EC1A 4NP"
72,715911145,PROGENY HOUSE,46 PARK PLACE,,LEEDS,YORKSHIRE,LS1 2RY,GB,Special character ,Swapping the order of dataset  - City,"PROGENY HOUSE,46 PARK PLACE,LEEDS,YORKSHIRE,LS1 2RY"
73,712130956,Eversheds House,70 Great Bridgewater Street,,Manchester,,M1 5ES,GB,Special character ,Swapping the order of dataset  - City,"Eversheds House,70 Great Bridgewater Street,Manchester,M1 5ES"
74,711653059,JACOBSEN HOUSE,140 BRIDGE STREET,NORTHAMPTONSHIRE,NORTHAMPTON,GB-ENG,NN1 1PZ,GB,Special character ,Swapping the order of dataset  - City,"JACOBSEN HOUSE,140 BRIDGE STREET,NORTHAMPTONSHIRE,NORTHAMPTON, ,NN1 1PZ"
75,712446088,Berkeley Square House,4-19 Berkeley Square,,London,GB-ENG,W1J 6BR,GB,Special character ,Swapping the order of dataset  - City,"Berkeley Square House,4-19 Berkeley Square,London, ,W1J 6BR"
76,712754757,"HESTAN HOUSE, TOP FLOOR",CRICHTON BUSINESS PARK  BANKEND ROAD,,DUMFRIES,UNITED KINGDOM-NA,DG1 4ZZ,GB,Special character ,Swapping the order of dataset  - City,"HESTAN HOUSE, TOP FLOOR,CRICHTON BUSINESS PARK  BANKEND ROAD,DUMFRIES, ,DG1 4ZZ"
77,712746168,PROGENY HOUSE,46 PARK PLACE,,LEEDS,YORKSHIRE,LS1 2RY,GB,Special character ,Swapping the order of dataset  - City,"PROGENY HOUSE,46 PARK PLACE,LEEDS,YORKSHIRE,LS1 2RY"
78,715912166,GROVE HOUSE,WAVERLY ROAD,,ST ALBANS,UNITED KINGDOM-NA,AL3 5QX,GB,Special character ,Swapping the order of dataset  - City,"GROVE HOUSE,WAVERLY ROAD,ST ALBANS, ,AL3 5QX"
79,712738655,PRICEWATERHOUSE COOPERS,PLUMTREE COURT,,LONDON,UNITED KINGDOM-NA,EC4A 4HT,GB,Special character ,Swapping the order of dataset  - City,"PRICEWATERHOUSE COOPERS,PLUMTREE COURT,LONDON, ,EC4A 4HT"
80,712723061,GLOBE HOUSE,1 WATER STREET,,LONDON,,WC2R 3LA,GB,Special character ,Swapping the order of dataset  - City,"GLOBE HOUSE,1 WATER STREET,LONDON,WC2R 3LA"
81,712754909,FRIARS HOUSE,160 BLACKFRIARS ROAD,,LONDON,UNITED KINGDOM-NA,SE1 8EZ,GB,Special character ,Swapping the order of dataset  - City,"FRIARS HOUSE,160 BLACKFRIARS ROAD,LONDON, ,SE1 8EZ"
82,711989798,Cosmopolitan House,10A Christina Street,Unit 3,London,,EC2A 4PA,GB,Special character ,Swapping the order of dataset  - City,"Cosmopolitan House,10A Christina Street,Unit 3,London,EC2A 4PA"
83,712735244,MARINER HOUSE,PEPYS STREET,,LONDON,UNITED KINGDOM-NA,EC3N 4DA,GB,Special character ,Swapping the order of dataset  - City,"MARINER HOUSE,PEPYS STREET,LONDON, ,EC3N 4DA"
84,712454428,ST. ANDREW HOUSE,1 THISTLE STREET,,EDINBURGH,GB-LND,EH2 1DG,GB,Special character ,Swapping the order of dataset  - City,"ST. ANDREW HOUSE,1 THISTLE STREET,EDINBURGH, ,EH2 1DG"
85,712736345,OLYMPIC HOUSE,28-42 CLEMENTS ROAD,,ILFORD,UNITED KINGDOM-NA,IG1 1BA,GB,Special character ,Swapping the order of dataset  - City,"OLYMPIC HOUSE,28-42 CLEMENTS ROAD,ILFORD, ,IG1 1BA"
86,712454645,ST. ANDREW HOUSE,1 THISTLE STREET,,EDINBURGH,GB-EDH,EH2 1DG,GB,Special character ,Swapping the order of dataset  - City,"ST. ANDREW HOUSE,1 THISTLE STREET,EDINBURGH,GB-EDH,EH2 1DG"
87,712427469,East Coast House,25 Skeldergate,,York,GB-ENG,YO1 6DH,GB,Special character ,Swapping the order of dataset  - City,"East Coast House,25 Skeldergate,York, ,YO1 6DH"
88,711459803,Griffin House,Osborne Road,,Luton,,LU1 3YT,GB,Special character ,Swapping the order of dataset  - City,"Griffin House,Osborne Road,Luton,LU1 3YT"
89,712747598,HONEYWELL HOUSE,SKIMPED HILL LANE,BERKS,BRACKNELL,GB-ENG,RG12 1EB,GB,Special character ,Swapping the order of dataset  - City,"HONEYWELL HOUSE,SKIMPED HILL LANE,BERKS,BRACKNELL, ,RG12 1EB"
90,712736401,HILL HOUSE,1 LITTLE NEW STREET,,LONDON,UNITED KINGDOM-NA,EC4A 3TR,GB,Special character ,Swapping the order of dataset  - City,"HILL HOUSE,1 LITTLE NEW STREET,LONDON, ,EC4A 3TR"
91,712776692,Willow House,2 Church Drive,West Buckland,WELLINGTON,SOMERSET,TA21 9LZ,GB,Special character ,Swapping the order of dataset  - City,"Willow House,2 Church Drive,West Buckland,WELLINGTON,SOMERSET,TA21 9LZ"
92,712739053,BUCHANAN HOUSE,3 ST. JAMES'S SQUARE,,LONDON,UNITED KINGDOM-NA,SW1Y 4JU,GB,Special character ,Swapping the order of dataset  - City,"BUCHANAN HOUSE,3 ST. JAMES'S SQUARE,LONDON, ,SW1Y 4JU"
93,711747238,Jack Brignall House,Bridgehead Business Park,,Hessle,,HU13 0DG,GB,Special character ,Swapping the order of dataset  - City,"Jack Brignall House,Bridgehead Business Park,Hessle,HU13 0DG"
94,712746332,HONEYWELL HOUSE,SKIMPED HILL LANE,BERKS,BRACKNELL,GB-ENG,RG12 1EB,GB,Special character ,Swapping the order of dataset  - City,"HONEYWELL HOUSE,SKIMPED HILL LANE,BERKS,BRACKNELL, ,RG12 1EB"
95,712747654,PROGENY HOUSE,46 PARK PLACE,,LEEDS,YORKSHIRE,LS1 2RY,GB,Special character ,Swapping the order of dataset  - City,"PROGENY HOUSE,46 PARK PLACE,LEEDS,YORKSHIRE,LS1 2RY"
96,712735181,HILL HOUSE,1 LITTLE NEW STREET,,LONDON,GB-LND,EC4A 3TR,GB,Special character ,Swapping the order of dataset  - City,"HILL HOUSE,1 LITTLE NEW STREET,LONDON, ,EC4A 3TR"
97,711646539,Crowne House,56-58 Southwark Street,,London,,SE1 1UN,GB,Special character ,Swapping the order of dataset  - City,"Crowne House,56-58 Southwark Street,London,SE1 1UN"
98,712746340,PROGENY HOUSE,46 PARK PLACE,,LEEDS,YORKSHIRE,LS1 2RY,GB,Special character ,Swapping the order of dataset  - City,"PROGENY HOUSE,46 PARK PLACE,LEEDS,YORKSHIRE,LS1 2RY"
99,712747708,ENI HOUSE,10 EBURY BRIDGE ROAD,,LONDON,GB-ENG,SW1W 8PZ,GB,Special character ,Swapping the order of dataset  - City,"ENI HOUSE,10 EBURY BRIDGE ROAD,LONDON, ,SW1W 8PZ"
100,711676988,Climate House,Highlands Road,Shirley,Solihull,,B90 4NL,GB,Special character ,Swapping the order of dataset  - City,"Climate House,Highlands Road,Shirley,Solihull,B90 4NL"
101,712186075,FRIZZELL HOUSE,COUNTY GATES,,BOURNEMOUTH,DORSET,BH1 2NF,GB,Special character ,Swapping the order of dataset  - City,"FRIZZELL HOUSE,COUNTY GATES,BOURNEMOUTH,DORSET,BH1 2NF"
102,712747141,HONEYWELL HOUSE,SKIMPED HILL LANE,BERKSHIRE,BRACKNELL,GB-ENG,RG12 1EB,GB,Special character ,Swapping the order of dataset  - City,"HONEYWELL HOUSE,SKIMPED HILL LANE,BERKSHIRE,BRACKNELL, ,RG12 1EB"
103,712765608,Raven House,29 Linkfield Lane,,REDHILL,SURREY,RH1 1SS,GB,Special character ,Swapping the order of dataset  - City,"Raven House,29 Linkfield Lane,REDHILL,SURREY,RH1 1SS"
104,712738747,OLD CHARGE HOUSE 128,QUEEN VICTORIA STREET,,LONDON,UNITED KINGDOM-NA,EC4V 4HR,GB,Special character ,Swapping the order of dataset  - City,"OLD CHARGE HOUSE 128,QUEEN VICTORIA STREET,LONDON, ,EC4V 4HR"
105,712191492,BRACKEN HOUSE,ONE FRIDAY STREET,,LONDON,,EC4M 9JA,GB,Special character ,Swapping the order of dataset  - City,"BRACKEN HOUSE,ONE FRIDAY STREET,LONDON,EC4M 9JA"
106,712746514,PROGENY HOUSE,46 PARK PLACE,,LEEDS,YORKSHIRE,LS1 2RY,GB,Special character ,Swapping the order of dataset  - City,"PROGENY HOUSE,46 PARK PLACE,LEEDS,YORKSHIRE,LS1 2RY"
107,712454291,ST. ANDREW HOUSE,1 THISTLE STREET,,EDINBURGH,GB-EDH,EH2 1DG,GB,Special character ,Swapping the order of dataset  - City,"ST. ANDREW HOUSE,1 THISTLE STREET,EDINBURGH,GB-EDH,EH2 1DG"
108,712453348,FORESTERS HOUSE,CROMWELL AVENUE,,BROMLEY,UNITED KINGDOM-NA,BR2 9BF,GB,Special character ,Swapping the order of dataset  - City,"FORESTERS HOUSE,CROMWELL AVENUE,BROMLEY, ,BR2 9BF"
109,712737791,HILL HOUSE,1 LITTLE NEW STREET,,LONDON,UNITED KINGDOM-NA,EC4A 3TR,GB,Special character ,Swapping the order of dataset  - City,"HILL HOUSE,1 LITTLE NEW STREET,LONDON, ,EC4A 3TR"
110,712746562,PROGENY HOUSE,46 PARK PLACE,,LEEDS,YORKSHIRE,LS1 2RY,GB,Special character ,Swapping the order of dataset  - City,"PROGENY HOUSE,46 PARK PLACE,LEEDS,YORKSHIRE,LS1 2RY"
111,712746615,HONEYWELL HOUSE,SKIMPED HILL LANE,BERKSHIRE,BRACKNELL,GB-ENG,RG12 1EB,GB,Special character ,Swapping the order of dataset  - City,"HONEYWELL HOUSE,SKIMPED HILL LANE,BERKSHIRE,BRACKNELL, ,RG12 1EB"
112,712747244,PROGENY HOUSE,46 PARK PLACE,,LEEDS,YORKSHIRE,LS1 2RY,GB,Special character ,Swapping the order of dataset  - City,"PROGENY HOUSE,46 PARK PLACE,LEEDS,YORKSHIRE,LS1 2RY"
113,712747248,HONEYWELL HOUSE,SKIMPED HILL LANE,BERKS,BRACKNELL,GB-ENG,RG12 1EB,GB,Special character ,Swapping the order of dataset  - City,"HONEYWELL HOUSE,SKIMPED HILL LANE,BERKS,BRACKNELL, ,RG12 1EB"
114,712428820,BERKELEY SQUARE HOUSE,4-19 BERKELEY SQUARE,,LONDON,GB-ENG,W1J 6BR,GB,Special character ,Swapping the order of dataset  - City,"BERKELEY SQUARE HOUSE,4-19 BERKELEY SQUARE,LONDON, ,W1J 6BR"
115,712746038,PROGENY HOUSE,46 PARK PLACE,,LEEDS,YORKSHIRE,LS1 2RY,GB,Special character ,Swapping the order of dataset  - City,"PROGENY HOUSE,46 PARK PLACE,LEEDS,YORKSHIRE,LS1 2RY"
116,712736582,THE CLOCK HOUSE,87 PAINES LANE,,POTTERS BAR,HERTFORDSHIRE,HA5 3BZ,GB,Special character ,Swapping the order of dataset  - City,"THE CLOCK HOUSE,87 PAINES LANE,POTTERS BAR,HERTFORDSHIRE,HA5 3BZ"
117,716518412,CRESCENT HOUSE,CRESCENT ROAD,,WORTHING,GB-WSX,BN11 1RN,GB,Special character ,Swapping the order of dataset  - City,"CRESCENT HOUSE,CRESCENT ROAD,WORTHING,GB-WSX,BN11 1RN"
118,716518414,"WADDINGTON TURNER HALL, PHOENIX HOUSE",22-24 DEVONSHIRE STREET,,KEiGHLEY,,BD21 2AU,GB,Special character ,Swapping the order of dataset  - City,"WADDINGTON TURNER HALL, PHOENIX HOUSE,22-24 DEVONSHIRE STREET,KEiGHLEY,BD21 2AU"
119,712746688,HONEYWELL HOUSE,SKIMPED HILL LANE,BERKSHIRE,Bracknell,GB-ENG,RG12 1EB,GB,Special character ,Swapping the order of dataset  - City,"HONEYWELL HOUSE,SKIMPED HILL LANE,BERKSHIRE,Bracknell, ,RG12 1EB"
120,712766839,SEA CONTAINERS HOUSE,18 UPPER GROUND,,LONDON,UNITED KINGDOM-NA,SE1 9GL,GB,Special character ,Swapping the order of dataset  - City,"SEA CONTAINERS HOUSE,18 UPPER GROUND,LONDON, ,SE1 9GL"
121,712764250,Oakhill House 130,Tonbridge Road,Hildenborough,LONDON,UNITED KINGDOM-NA,TN11 9DZ,GB,Special character ,Swapping the order of dataset  - City,"Oakhill House 130,Tonbridge Road,Hildenborough,LONDON, ,TN11 9DZ"
122,712454059,HAYMARKET HOUSE,28-29 HAYMARKET,,LONDON,GB-ENG,SW1Y 4RX,GB,Special character ,Swapping the order of dataset  - City,"HAYMARKET HOUSE,28-29 HAYMARKET,LONDON, ,SW1Y 4RX"
123,711668607,Aquarius House,6 Mid Point Business Park,,Thornbury,N.A.,BD3 7AY,GB,Special character ,Swapping the order of dataset  - City,"Aquarius House,6 Mid Point Business Park,Thornbury,N.A.,BD3 7AY"
124,711676940,ARTILLERY HOUSE,HERITAGE WAY,,DROITWICH,GB-ENG,WR9 8YB,GB,Special character ,Swapping the order of dataset  - City,"ARTILLERY HOUSE,HERITAGE WAY,DROITWICH, ,WR9 8YB"
125,711650246,Trafford House,Chester Road,,Manchester,GB-ENG,M32 0RS,GB,Special character ,Swapping the order of dataset  - City,"Trafford House,Chester Road,Manchester, ,M32 0RS"
126,711669504,HAMPSHIRE HOUSE,HIGH STREET,WEST MIDLANDS,KINGSWINFORD,GB-ENG,DY6 8AW,GB,Special character ,Swapping the order of dataset  - City,"HAMPSHIRE HOUSE,HIGH STREET,WEST MIDLANDS,KINGSWINFORD, ,DY6 8AW"
127,712132940,Sirius House,Delta Crescent,Westbrook,Warrington,,WA5 7NS,GB,Special character ,Swapping the order of dataset  - City,"Sirius House,Delta Crescent,Westbrook,Warrington,WA5 7NS"
128,711583338,XPO House,Lodge Way,New Duston,Northampton,GB-ENG,NN5 7SL,GB,Special character ,Swapping the order of dataset  - City,"XPO House,Lodge Way,New Duston,Northampton, ,NN5 7SL"
129,711669093,"Overdene House,","49 Church Street,","Theale,",Reading,,RG7 5BX,GB,Special character ,Swapping the order of dataset  - City,"Overdene House,,49 Church Street,,Theale,,Reading,RG7 5BX"
130,712141119,Sutherland House,1759 London Road,,Leigh on Sea,GB-ENG,SS9 2RZ,GB,Special character ,Swapping the order of dataset  - City,"Sutherland House,1759 London Road,Leigh on Sea, ,SS9 2RZ"
131,711676887,Dartel House,39-41 High Street,,Horley,,RH6 7BN,GB,Special character ,Swapping the order of dataset  - City,"Dartel House,39-41 High Street,Horley,RH6 7BN"
132,712134907,BET365 HOUSE,MEDIA WAY,,STOKE-ON-TRENT,STAFFORDSHIRE,ST1 5SZ,GB,Special character ,Swapping the order of dataset  - City,"BET365 HOUSE,MEDIA WAY,STOKE-ON-TRENT,STAFFORDSHIRE,ST1 5SZ"
133,715378665,ARABESQUE HOUSE,MONKS CROSS DRIVE,,HUNTINGTON,GB-ENG,YO32 9GW,GB,Special character ,Swapping the order of dataset  - City,"ARABESQUE HOUSE,MONKS CROSS DRIVE,HUNTINGTON, ,YO32 9GW"
134,711927527,Yorkshire House,Yorkshire Drive,,Bradford,UNITED KINGDOM-NA,BD5 8LJ,GB,Special character ,Swapping the order of dataset  - City,"Yorkshire House,Yorkshire Drive,Bradford, ,BD5 8LJ"
135,711646133,HILL HOUSE,1 LITTLE NEW STREET,,LONDON,UNITED KINGDOM-NA,EC4A 3TR,GB,Special character ,Swapping the order of dataset  - City,"HILL HOUSE,1 LITTLE NEW STREET,LONDON, ,EC4A 3TR"
136,711552870,DISCOVERY HOUSE,154 SOUTHGATE STREET,GLOUCESTERSHIRE,GLOUCESTER,GB-ENG,GL1 2EX,GB,Special character ,Swapping the order of dataset  - City,"DISCOVERY HOUSE,154 SOUTHGATE STREET,GLOUCESTERSHIRE,GLOUCESTER, ,GL1 2EX"
137,711679470,Atlantic House,Aviation Park West,Bournemouth International Airport,Christchurch,GB-ENG,BH23 6EW,GB,Special character ,Swapping the order of dataset  - City,"Atlantic House,Aviation Park West,Bournemouth International Airport,Christchurch, ,BH23 6EW"
138,711935525,SENATOR HOUSE,85 QUEEN VICTORIA STREET,,LONDON,UNITED KINGDOM-NA,EC4V 4ET,GB,Special character ,Swapping the order of dataset  - City,"SENATOR HOUSE,85 QUEEN VICTORIA STREET,LONDON, ,EC4V 4ET"
139,711680361,QUEENSLAND HOUSE 393,STRAND,,LONDON,GB-ENG,WC2R 0LT,GB,Special character ,Swapping the order of dataset  - City,"QUEENSLAND HOUSE 393,STRAND,LONDON, ,WC2R 0LT"
140,712141070,Luminar House,Deltic Avenue,Rooksley,Milton Keynes,GB-ENG,MK13 8LW,GB,Special character ,Swapping the order of dataset  - City,"Luminar House,Deltic Avenue,Rooksley,Milton Keynes, ,MK13 8LW"
141,711836080,MW House,1 Penman Way,Enderby,Leicester,LEICESTERSHIRE,LE19 1SY,GB,Special character ,Swapping the order of dataset  - City,"MW House,1 Penman Way,Enderby,Leicester,LEICESTERSHIRE,LE19 1SY"
142,711706692,Bay Tree House,Fox Pond Lane,Pennington,LYMINGTON,HAMPSHIRE,SO41 8FW,GB,Special character ,Swapping the order of dataset  - City,"Bay Tree House,Fox Pond Lane,Pennington,LYMINGTON,HAMPSHIRE,SO41 8FW"
143,712723013,CLARENCE HOUSE,"WATERCOMBE LANE, LYNX WEST TRADING ESTATE",,YEOVIL,SOMERSET,BA20 2SU,GB,Special character ,Swapping the order of dataset  - City,"CLARENCE HOUSE,WATERCOMBE LANE, LYNX WEST TRADING ESTATE,YEOVIL,SOMERSET,BA20 2SU"
144,712723025,ST BARTHOLOMEW'S HOUSE,LEWINS MEAD,,BRISTOL,GB-ENG,BS1 2NH,GB,Special character ,Swapping the order of dataset  - City,"ST BARTHOLOMEW'S HOUSE,LEWINS MEAD,BRISTOL, ,BS1 2NH"
145,712723026,ST BARTHOLOMEW'S HOUSE,LEWINS MEAD,,BRISTOL,GB-ENG,BS1 2NH,GB,Special character ,Swapping the order of dataset  - City,"ST BARTHOLOMEW'S HOUSE,LEWINS MEAD,BRISTOL, ,BS1 2NH"
146,712467298,JUBILEE HOUSE,GOSFORTH,,NEWCASTLE-UPON-TYNE,GB-ENG,NE3 4PL,GB,Special character ,Swapping the order of dataset  - City,"JUBILEE HOUSE,GOSFORTH,NEWCASTLE-UPON-TYNE, ,NE3 4PL"
147,712723095,CAULFIELD HOUSE,CRADLEHALL BUSINESS PARK,,INVERNESS,GB-SCT,IV2 5GH,GB,Special character ,Swapping the order of dataset  - City,"CAULFIELD HOUSE,CRADLEHALL BUSINESS PARK,INVERNESS,GB-SCT,IV2 5GH"
148,711566931,Chubb House,Staines Road West,,Slough,,TW16 7AR,GB,Special character ,Swapping the order of dataset  - City,"Chubb House,Staines Road West,Slough,TW16 7AR"
149,712723150,LONGCROFT HOUSE,2/8 VICTORIA AVE,,LONDON,GB-LND,EC2M 4NS,GB,Special character ,Swapping the order of dataset  - City,"LONGCROFT HOUSE,2/8 VICTORIA AVE,LONDON, ,EC2M 4NS"
150,712723169,KENTON HOUSE,OXFORD STREET,,MORETON IN MARSH,GB-ENG,GL56 0LA,GB,Special character ,Swapping the order of dataset  - City,"KENTON HOUSE,OXFORD STREET,MORETON IN MARSH, ,GL56 0LA"
151,711588230,"EUROPA HOUSE, THE CRESCENT",SOUTHWOOD,,FARNBOROUGH,GB-ENG,GU14 0NL,GB,Special character ,Swapping the order of dataset  - City,"EUROPA HOUSE, THE CRESCENT,SOUTHWOOD,FARNBOROUGH, ,GU14 0NL"
152,711669712,BELGRAVE HOUSE,39-43 MONUMENT HILL,SURREY,WEYBRiDGE,,KT13 8RN,GB,Special character ,Swapping the order of dataset  - City,"BELGRAVE HOUSE,39-43 MONUMENT HILL,SURREY,WEYBRiDGE,KT13 8RN"
153,712213111,KENT HOUSE,14-17 MARKET PLACE,,LONDON,GB-ENG,W1W 8AJ,GB,Special character ,Swapping the order of dataset  - City,"KENT HOUSE,14-17 MARKET PLACE,LONDON, ,W1W 8AJ"
154,712723099,12TH FLOOR PORTLAND HOUSE,BRESSENDEN PLACE,,LONDON,GB-LND,SW1E 5RS,GB,Special character ,Swapping the order of dataset  - City,"12TH FLOOR PORTLAND HOUSE,BRESSENDEN PLACE,LONDON, ,SW1E 5RS"
155,712723119,ISUZU HOUSE,164 GREAT NORTH ROAD,,HATFIELD,GB-ENG,AL9 5JN,GB,Special character ,Swapping the order of dataset  - City,"ISUZU HOUSE,164 GREAT NORTH ROAD,HATFIELD, ,AL9 5JN"
156,712723128,"RETRA HOUSE, ST JOHNS TERRACE",1 AMPTHILL STREET,,BEDFORD,GB-ENG,MK42 9EY,GB,Special character ,Swapping the order of dataset  - City,"RETRA HOUSE, ST JOHNS TERRACE,1 AMPTHILL STREET,BEDFORD, ,MK42 9EY"
157,711696952,PEGASUS HOUSE AEROSPACE AVENUE,FILTON,,BRISTOL CITY,GB-BST,BS34 7PA,GB,Special character ,Swapping the order of dataset  - City,"PEGASUS HOUSE AEROSPACE AVENUE,FILTON,BRISTOL CITY,GB-BST,BS34 7PA"
158,712714198,R A C HOUSE,BROCKHURST CRESCENT,Brockhurst Crescent,WALSALL,WEST MIDLANDS,WS5 4AW,GB,Special character ,Swapping the order of dataset  - City,"R A C HOUSE,BROCKHURST CRESCENT,Brockhurst Crescent,WALSALL,WEST MIDLANDS,WS5 4AW"
159,712715718,CALEDONIA HOUSE NO. 223,PENTONVILLE ROAD,,LONDON,UNITED KINGDOM-NA,N1 9NG,GB,Special character ,Swapping the order of dataset  - City,"CALEDONIA HOUSE NO. 223,PENTONVILLE ROAD,LONDON, ,N1 9NG"
160,711706334,Berkeley Square House,Berkeley Square,,LONDON,UNITED KINGDOM-NA,W1X 5PA,GB,Special character ,Swapping the order of dataset  - City,"Berkeley Square House,Berkeley Square,LONDON, ,W1X 5PA"
161,712716061,6th Floor Charles House,108-110 Finchley Road,,London,UNITED KINGDOM-NA,NW3 5JJ,GB,Special character ,Swapping the order of dataset  - City,"6th Floor Charles House,108-110 Finchley Road,London, ,NW3 5JJ"
162,712716098,Sandringham House,Harlow Business Park,Sandringham Avenue,Harlow,ESSEX,CM19 5QS,GB,Special character ,Swapping the order of dataset  - City,"Sandringham House,Harlow Business Park,Sandringham Avenue,Harlow,ESSEX,CM19 5QS"
163,711663591,Export House,Cawsey Way,,Woking,,GU21 6QX,GB,Special character ,Swapping the order of dataset  - City,"Export House,Cawsey Way,Woking,GU21 6QX"
164,712722745,BRUNSWICK HOUSE REGENT PARK,299 KINGSTON ROAD,,LEATHERHEAD,GB-ENG,KT22 7LU,GB,Special character ,Swapping the order of dataset  - City,"BRUNSWICK HOUSE REGENT PARK,299 KINGSTON ROAD,LEATHERHEAD, ,KT22 7LU"
165,715935263,"DOVER HOUSE,",34 DOVER STREE,,LONDON,GB-LND,W1S 4NG,GB,Special character ,Swapping the order of dataset  - City,"DOVER HOUSE,,34 DOVER STREE,LONDON, ,W1S 4NG"
166,712722786,3RD FLOOR BERKELEY SQUARE HOUSE,BERKELEY SQUARE,,LONDON,UNITED KINGDOM-NA,W1J 6BU,GB,Special character ,Swapping the order of dataset  - City,"3RD FLOOR BERKELEY SQUARE HOUSE,BERKELEY SQUARE,LONDON, ,W1J 6BU"
167,712722792,LIVERIDGE HOUSE,"LIVERIDGE HILL, HENLEY-IN-ARDEN",,SOLIHULL,GB-WAR,B95 5QS,GB,Special character ,Swapping the order of dataset  - City,"LIVERIDGE HOUSE,LIVERIDGE HILL, HENLEY-IN-ARDEN,SOLIHULL,GB-WAR,B95 5QS"
168,712722802,5 JUPITER HOUSE,"CALLEVA PARK, ALDERMASTON",,READING,GB-ENG,RG7 BNN,GB,Special character ,Swapping the order of dataset  - City,"5 JUPITER HOUSE,CALLEVA PARK, ALDERMASTON,READING, ,RG7 BNN"
169,712722806,BOWDEN HOUSE,36 NORTHAMPTON ROAD,,MARKET HARBOROUGH,GB-ENG,LE16 9HE,GB,Special character ,Swapping the order of dataset  - City,"BOWDEN HOUSE,36 NORTHAMPTON ROAD,MARKET HARBOROUGH, ,LE16 9HE"
170,711441429,Wellstream House,Wincomblee Road,Walker Riverside,Newcastle upon Tyne,GB-ENG,NE6 3PF,GB,Special character ,Swapping the order of dataset  - City,"Wellstream House,Wincomblee Road,Walker Riverside,Newcastle upon Tyne, ,NE6 3PF"
171,711632121,PALMERSTON HOUSE,814 BRIGHTON ROAD,PURLEY,Croydon,UNITED KINGDOM-NA,CR8 2BR,GB,Special character ,Swapping the order of dataset  - City,"PALMERSTON HOUSE,814 BRIGHTON ROAD,PURLEY,Croydon, ,CR8 2BR"
172,712722840,ESPACE HOUSE,71A UPPER SAINT JOHN STREET,,LICHFIELD,GB-ENG,WS14 9DT,GB,Special character ,Swapping the order of dataset  - City,"ESPACE HOUSE,71A UPPER SAINT JOHN STREET,LICHFIELD, ,WS14 9DT"
173,712722843,CP HOUSE,OTTERSPOOL WAY,,WATFORD,GB-ENG,WD25 8JJ,GB,Special character ,Swapping the order of dataset  - City,"CP HOUSE,OTTERSPOOL WAY,WATFORD, ,WD25 8JJ"
174,712722849,FRANS HOUSE,FENTON WAY,,CHATTERIS,CAMBRIDGESHIRE,PE16 6UP,GB,Special character ,Swapping the order of dataset  - City,"FRANS HOUSE,FENTON WAY,CHATTERIS,CAMBRIDGESHIRE,PE16 6UP"
175,711468413,ENI HOUSE,10 EBURY BRIDGE ROAD,,LONDON,GB-ENG,SW1W 8PZ,GB,Special character ,Swapping the order of dataset  - City,"ENI HOUSE,10 EBURY BRIDGE ROAD,LONDON, ,SW1W 8PZ"
176,712722869,CORNERSTONE HOUSE MIDLAND WAY,THORNBURY,,BRISTOL,GB-ENG,BS35 2BS,GB,Special character ,Swapping the order of dataset  - City,"CORNERSTONE HOUSE MIDLAND WAY,THORNBURY,BRISTOL, ,BS35 2BS"
177,712722882,CAVENDISH HOUSE,18 CAVENDISH SQUARE,,LONDON,GB-LND,W1G 0PJ,GB,Special character ,Swapping the order of dataset  - City,"CAVENDISH HOUSE,18 CAVENDISH SQUARE,LONDON, ,W1G 0PJ"
178,712722884,12TH FLOOR PORTLAND HOUSE,BRESSENDEN PLACE,,LONDON,GB-LND,SW1E 5RS,GB,Special character ,Swapping the order of dataset  - City,"12TH FLOOR PORTLAND HOUSE,BRESSENDEN PLACE,LONDON, ,SW1E 5RS"
179,712722888,6 PLAYHOUSE COURT,62 SOUTHWARK BRIDGE ROAD,,LONDON,GB-LND,SE1 0AT,GB,Special character ,Swapping the order of dataset  - City,"6 PLAYHOUSE COURT,62 SOUTHWARK BRIDGE ROAD,LONDON, ,SE1 0AT"
180,712722898,CURRER HOUSE,CURRER STREET,,BRADFORD,,BD1 5BA,GB,Special character ,Swapping the order of dataset  - City,"CURRER HOUSE,CURRER STREET,BRADFORD,BD1 5BA"
181,712722913,WATERTON HOUSE BROCASTLE AVENUE,WATERTON INDUSTRIAL ESTATE,,BRIDGEND,GB-ENG,CF31 3US,GB,Special character ,Swapping the order of dataset  - City,"WATERTON HOUSE BROCASTLE AVENUE,WATERTON INDUSTRIAL ESTATE,BRIDGEND, ,CF31 3US"
182,712722914,DUNSTON HOUSE,DUNSTON ROAD,,CHESTERFIELD,GB-ENG,S41 9QD,GB,Special character ,Swapping the order of dataset  - City,"DUNSTON HOUSE,DUNSTON ROAD,CHESTERFIELD, ,S41 9QD"
183,712722922,ST. BARTHOLOMEWS HOUSE,LEWINS MEAD,,BRISTOL,GB-ENG,BS1 2NH,GB,Special character ,Swapping the order of dataset  - City,"ST. BARTHOLOMEWS HOUSE,LEWINS MEAD,BRISTOL, ,BS1 2NH"
184,712722927,HAMILTON HOUSE,25 HIGH STRET,,RICKMANSWORTH,GB-ENG,WD3 1ET,GB,Special character ,Swapping the order of dataset  - City,"HAMILTON HOUSE,25 HIGH STRET,RICKMANSWORTH, ,WD3 1ET"
185,712722932,174 WOODHOUSE LANE,GORSE STREET,,SALE,GB-ENG,M33 4LN,GB,Special character ,Swapping the order of dataset  - City,"174 WOODHOUSE LANE,GORSE STREET,SALE, ,M33 4LN"
186,712722937,"3RD FLOOR, STERLING HOUSE",LANGSTON ROAD,,LOUGHTON,GB-ENG,IG10 3TS,GB,Special character ,Swapping the order of dataset  - City,"3RD FLOOR, STERLING HOUSE,LANGSTON ROAD,LOUGHTON, ,IG10 3TS"
187,711927774,YORKSHIRE HOUSE,YORKSHIRE DRIVE,WEST YORKSHIRE,BRADFORD,WEST YORKSHIRE,BD5 8LJ,GB,Special character ,Swapping the order of dataset  - City,"YORKSHIRE HOUSE,YORKSHIRE DRIVE,WEST YORKSHIRE,BRADFORD,WEST YORKSHIRE,BD5 8LJ"
188,712671931,ASTON HOUSE,CORNWALL AVENUE,,LONDON,,N3 1LF,GB,Special character ,Swapping the order of dataset  - City,"ASTON HOUSE,CORNWALL AVENUE,LONDON,N3 1LF"
189,712671938,CEDAR HOUSE,"3 CEDAR PARK, COBHAM ROAD",,WIMBORNE,,BH21 7SB,GB,Special character ,Swapping the order of dataset  - City,"CEDAR HOUSE,3 CEDAR PARK, COBHAM ROAD,WIMBORNE,BH21 7SB"
190,712752834,SOUTHBRIDGE HOUSE,SOUTHBRIDGE PLACE,,CROYDON,GB-ENG,CR0 4HA,GB,Special character ,Swapping the order of dataset  - City,"SOUTHBRIDGE HOUSE,SOUTHBRIDGE PLACE,CROYDON, ,CR0 4HA"
191,712751494,4TH FLOOR CHARLES HOUSE,108 - 110 FINCHLEY ROAD,,LONDON,GB-LND,NW3 5JJ,GB,Special character ,Swapping the order of dataset  - City,"4TH FLOOR CHARLES HOUSE,108 - 110 FINCHLEY ROAD,LONDON, ,NW3 5JJ"
192,711644414,EAGLE HOUSE PEREGRINE BUSINESS PARK,GOMM ROAD,BUCKINGHAMSHIRE,HIGH WYCOMBE,GB-ENG,HP13 7DL,GB,Special character ,Swapping the order of dataset  - City,"EAGLE HOUSE PEREGRINE BUSINESS PARK,GOMM ROAD,BUCKINGHAMSHIRE,HIGH WYCOMBE, ,HP13 7DL"
193,714633949,CITADEL HOUSE,58 HIGH STREET,,HULL,EAST RIDING OF YORKSHIRE,HU1 1QE,GB,Special character ,Swapping the order of dataset  - City,"CITADEL HOUSE,58 HIGH STREET,HULL,EAST RIDING OF YORKSHIRE,HU1 1QE"
194,711655838,Beechey House,87 Church Street,Crowthorne,Bracknell,BERKSHIRE,RG45 7AW,GB,Special character ,Swapping the order of dataset  - City,"Beechey House,87 Church Street,Crowthorne,Bracknell,BERKSHIRE,RG45 7AW"
195,712750233,SIMARCO HOUSE,CRITTALL ROAD,,WITHAM,GB-ENG,CM8 3DR,GB,Special character ,Swapping the order of dataset  - City,"SIMARCO HOUSE,CRITTALL ROAD,WITHAM, ,CM8 3DR"
196,712750236,MARLBOROUGH HOUSE,59 CHORLEY NEW ROAD,,BOLTON,GB-ENG,BL1 4QP,GB,Special character ,Swapping the order of dataset  - City,"MARLBOROUGH HOUSE,59 CHORLEY NEW ROAD,BOLTON, ,BL1 4QP"
197,712750262,MARLBOROUGH HOUSE,59 CHORLEY NEW ROAD,,BOLTON,GB-ENG,BL1 4QP,GB,Special character ,Swapping the order of dataset  - City,"MARLBOROUGH HOUSE,59 CHORLEY NEW ROAD,BOLTON, ,BL1 4QP"
198,711506132,Winchester House,1 Great Winchester Street,,London,GB-ENG,EC2N 2DB,GB,Special character ,Swapping the order of dataset  - City,"Winchester House,1 Great Winchester Street,London, ,EC2N 2DB"
199,717537678,MINERVA HOUSE,PORT ROAD BUSINESS PARK,,CARLISLE,GB-ENG,CA2 7AF,GB,Special character ,Swapping the order of dataset  - City,"MINERVA HOUSE,PORT ROAD BUSINESS PARK,CARLISLE, ,CA2 7AF"
200,711561548,Watson House,London Road,,Reigate,,RH2 9PQ,GB,Special character ,Swapping the order of dataset  - City,"Watson House,London Road,Reigate,RH2 9PQ"
201,711659043,TNT Express House,Holly Lane,,Atherstone,,CV9 2RY,GB,Special character ,Swapping the order of dataset  - City,"TNT Express House,Holly Lane,Atherstone,CV9 2RY"
202,712453932,ST. JAMES'S PLACE HOUSE,1 TETBURY ROAD,,CiRENCESTER,,GL7 1FP,GB,Special character ,Swapping the order of dataset  - City,"ST. JAMES'S PLACE HOUSE,1 TETBURY ROAD,CiRENCESTER,GL7 1FP"
203,712671939,"PATERNOSTER HOUSE, 3RD FLOOR",65 ST. PAUL'S CHURCHYARD,,LONDON,GB-LND,EC4M 8AB,GB,Special character ,Swapping the order of dataset  - City,"PATERNOSTER HOUSE, 3RD FLOOR,65 ST. PAUL'S CHURCHYARD,LONDON, ,EC4M 8AB"
204,712671982,AQUILA HOUSE,WATERLOO LANE,,CHELMSFORD,ESSEX,CM1 1BN,GB,Special character ,Swapping the order of dataset  - City,"AQUILA HOUSE,WATERLOO LANE,CHELMSFORD,ESSEX,CM1 1BN"
205,712671985,"11/15, ACRE HOUSE",WILLIAM ROAD,,LONDON,GB-LND,NW1 3ER,GB,Special character ,Swapping the order of dataset  - City,"11/15, ACRE HOUSE,WILLIAM ROAD,LONDON, ,NW1 3ER"
206,712672015,7TH FLOOR BERKSHIRE HOUSE,168-173 HIGH HOLBORN,,LONDON,GB-LND,WC1U 7AA,GB,Special character ,Swapping the order of dataset  - City,"7TH FLOOR BERKSHIRE HOUSE,168-173 HIGH HOLBORN,LONDON, ,WC1U 7AA"
207,712752366,HENRY WOOD HOUSE,2 RIDING HOUSE STREET,,LONDON,GB-LND,W1W 7FA,GB,Special character ,Swapping the order of dataset  - City,"HENRY WOOD HOUSE,2 RIDING HOUSE STREET,LONDON, ,W1W 7FA"
208,712752357,AVIATION HOUSE,GATWICK AIRPORT SOUTH,,CRAWLEY,,RH6 0YR,GB,Special character ,Swapping the order of dataset  - City,"AVIATION HOUSE,GATWICK AIRPORT SOUTH,CRAWLEY,RH6 0YR"
209,712672060,BRITANNIA HOUSE,LOCK WAY,RAVENSTHORPE INDUSTRIAL ESTATE,DEWSBURY,GB-ENG,WF13 3SX,GB,Special character ,Swapping the order of dataset  - City,"BRITANNIA HOUSE,LOCK WAY,RAVENSTHORPE INDUSTRIAL ESTATE,DEWSBURY, ,WF13 3SX"
210,712752405,MACNAUGHTON HOUSE,COMPTON PLACE,,LONDON,GB-LND,WC1H 9SD,GB,Special character ,Swapping the order of dataset  - City,"MACNAUGHTON HOUSE,COMPTON PLACE,LONDON, ,WC1H 9SD"
211,712752414,"2ND FLOOR, HEATHMANS HOUSE",19 HEATHMANS ROAD,,LONDON,GB-LND,SW6 4TJ,GB,Special character ,Swapping the order of dataset  - City,"2ND FLOOR, HEATHMANS HOUSE,19 HEATHMANS ROAD,LONDON, ,SW6 4TJ"
212,712752417,MARLBOROUGH HOUSE,59 CHORLEY NEW ROAD,,BOLTON,GB-ENG,BL1 4QP,GB,Special character ,Swapping the order of dataset  - City,"MARLBOROUGH HOUSE,59 CHORLEY NEW ROAD,BOLTON, ,BL1 4QP"
213,712671758,EXCEL HOUSE,"EUROPOINT OFFICE PARK, 1 RENSHAW PLACE, HOLYTOWN",,MOTHERWELL,GB-SCT,EH288PP,GB,Special character ,Swapping the order of dataset  - City,"EXCEL HOUSE,EUROPOINT OFFICE PARK, 1 RENSHAW PLACE, HOLYTOWN,MOTHERWELL,GB-SCT,EH288PP"
214,712671759,6TH FLOOR LANSDOWNE HOUSE,BERKELEY SQUARE,,LONDON,GB-ENG,W1J 6ER,GB,Special character ,Swapping the order of dataset  - City,"6TH FLOOR LANSDOWNE HOUSE,BERKELEY SQUARE,LONDON, ,W1J 6ER"
215,712671792,FOUNDRY HOUSE,3 MILLSANDS,,SHEFFIELD,GB-ENG,S3 8NH,GB,Special character ,Swapping the order of dataset  - City,"FOUNDRY HOUSE,3 MILLSANDS,SHEFFIELD, ,S3 8NH"
216,712672098,OAKLEY HOUSE,"HALL ROAD, OUTWELL",,WISBECH,GB-ENG,PE14 8PE,GB,Special character ,Swapping the order of dataset  - City,"OAKLEY HOUSE,HALL ROAD, OUTWELL,WISBECH, ,PE14 8PE"
217,712672113,SUTHERLAND HOUSE,70-78 WEST HENDON BROADWAY,,LONDON,GB-ENG,NW9 7BT,GB,Special character ,Swapping the order of dataset  - City,"SUTHERLAND HOUSE,70-78 WEST HENDON BROADWAY,LONDON, ,NW9 7BT"
218,711669254,KALAMU HOUSE,11 COLDBATH SQUARE,,LONDON,GB-ENG,EC1R 5HL,GB,Special character ,Swapping the order of dataset  - City,"KALAMU HOUSE,11 COLDBATH SQUARE,LONDON, ,EC1R 5HL"
219,712671827,6TH FLOOR LANSDOWNE HOUSE,BERKELEY SQUARE,,LONDON,GB-ENG,W1J 6ER,GB,Special character ,Swapping the order of dataset  - City,"6TH FLOOR LANSDOWNE HOUSE,BERKELEY SQUARE,LONDON, ,W1J 6ER"
220,712671822,NEW BURLINGTON HOUSE,1075 FINCHLEY ROAD,,LONDON,GB-LND,NW11 OPU,GB,Special character ,Swapping the order of dataset  - City,"NEW BURLINGTON HOUSE,1075 FINCHLEY ROAD,LONDON, ,NW11 OPU"
221,712671828,6TH FLOOR LANSDOWNE HOUSE,BERKELEY SQUARE,,LONDON,GB-LND,W1J 6ER,GB,Special character ,Swapping the order of dataset  - City,"6TH FLOOR LANSDOWNE HOUSE,BERKELEY SQUARE,LONDON, ,W1J 6ER"
222,712671836,"STERLING HOUSE,",27 HATCHLANDS ROAD,,REDHILL,GB-ENG,RH1 6RW,GB,Special character ,Swapping the order of dataset  - City,"STERLING HOUSE,,27 HATCHLANDS ROAD,REDHILL, ,RH1 6RW"
223,712672137,SCOTT HOUSE,WATERLOO STATION,,LONDON,,SE1 7LY,GB,Special character ,Swapping the order of dataset  - City,"SCOTT HOUSE,WATERLOO STATION,LONDON,SE1 7LY"
224,712672138,BELGRAVE HOUSE,HATFIELD BUSINESS PARK,FROBISHER WAY,HATFIELD,GB-ENG,AL10 9TQ,GB,Special character ,Swapping the order of dataset  - City,"BELGRAVE HOUSE,HATFIELD BUSINESS PARK,FROBISHER WAY,HATFIELD, ,AL10 9TQ"
225,712751146,MARLBOROUGH HOUSE,59 CHORLEY NEW ROAD,,BOLTON,GB-ENG,BL1 4QP,GB,Special character ,Swapping the order of dataset  - City,"MARLBOROUGH HOUSE,59 CHORLEY NEW ROAD,BOLTON, ,BL1 4QP"
226,712671861,PEGASUS HOUSE,BAKEWELL ROAD ORTON SOUTHGATE,,PETERBOROUGH,GB-ENG,PE2 6YS,GB,Special character ,Swapping the order of dataset  - City,"PEGASUS HOUSE,BAKEWELL ROAD ORTON SOUTHGATE,PETERBOROUGH, ,PE2 6YS"
227,712671887,BELGRAVE HOUSE FROBISHER WAY,HATFIELD BUSINESS PARK,,HATFIELD,GB-ENG,AL10 9TQ,GB,Special character ,Swapping the order of dataset  - City,"BELGRAVE HOUSE FROBISHER WAY,HATFIELD BUSINESS PARK,HATFIELD, ,AL10 9TQ"
228,712671889,6TH FLOOR LANSDOWNE HOUSE,BERKELEY SQUARE,,LONDON,GB-ENG,W1J 6ER,GB,Special character ,Swapping the order of dataset  - City,"6TH FLOOR LANSDOWNE HOUSE,BERKELEY SQUARE,LONDON, ,W1J 6ER"
229,712752800,CHURCHILL HOUSE,120 BUNNS LANE,,LONDON,GB-LND,NW7 2AS,GB,Special character ,Swapping the order of dataset  - City,"CHURCHILL HOUSE,120 BUNNS LANE,LONDON, ,NW7 2AS"
230,712137341,WATLING HOUSE,33 CANNON STREET,,LONDON,UNITED KINGDOM-NA,EC4M 5SB,GB,Special character ,Swapping the order of dataset  - City,"WATLING HOUSE,33 CANNON STREET,LONDON, ,EC4M 5SB"
231,717522586,CENTRAL HOUSE,47 ST. PAUL'S STREET,,LEEDS,GB-ENG,LS1 2TE,GB,Special character ,Swapping the order of dataset  - City,"CENTRAL HOUSE,47 ST. PAUL'S STREET,LEEDS, ,LS1 2TE"
232,711658605,TNT EXPRESS HOUSE,HOLLY LANE,,ATHERSTONE,GB-ENG,CV9 2RY,GB,Special character ,Swapping the order of dataset  - City,"TNT EXPRESS HOUSE,HOLLY LANE,ATHERSTONE, ,CV9 2RY"
233,712447622,VALE HOUSE,"ROEBUCK CLOSE, BANCROFT ROAD",SURREY,REIGATE,GB-ENG,RH2 7RU,GB,Special character ,Swapping the order of dataset  - City,"VALE HOUSE,ROEBUCK CLOSE, BANCROFT ROAD,SURREY,REIGATE, ,RH2 7RU"
234,712447577,VALE HOUSE ROEBUCK CLOSE,BANCROFT ROAD,SURREY,REIGATE,GB-ENG,RH2 7RU,GB,Special character ,Swapping the order of dataset  - City,"VALE HOUSE ROEBUCK CLOSE,BANCROFT ROAD,SURREY,REIGATE, ,RH2 7RU"
235,711646315,Riverbank House,2 Swan Lane,,London,,EC4R 3AD,GB,Special character ,Swapping the order of dataset  - City,"Riverbank House,2 Swan Lane,London,EC4R 3AD"
236,711636880,Castlereagh House,12 Manse Road,Castlereagh,Belfast,ANTRIM,BT6 9RT,GB,Special character ,Swapping the order of dataset  - City,"Castlereagh House,12 Manse Road,Castlereagh,Belfast,ANTRIM,BT6 9RT"
237,711669223,5 Jupiter House,Calleva Park,Aldermaston,Reading,BERKSHIRE,RG7 8NN,GB,Special character ,Swapping the order of dataset  - City,"5 Jupiter House,Calleva Park,Aldermaston,Reading,BERKSHIRE,RG7 8NN"
238,711594586,FLAGSHIP HOUSE,VICTORY WAY CROSSWAYS,,DARTFORD,KENT,DA2 6QD,GB,Special character ,Swapping the order of dataset  - City,"FLAGSHIP HOUSE,VICTORY WAY CROSSWAYS,DARTFORD,KENT,DA2 6QD"
239,712130860,BRIDGEWAY HOUSE,BRIDGEWAY,WARWICKSHIRE,STRATFORD-UPON-AVON,GB-ENG,CV37 6YX,GB,Special character ,Swapping the order of dataset  - City,"BRIDGEWAY HOUSE,BRIDGEWAY,WARWICKSHIRE,STRATFORD-UPON-AVON, ,CV37 6YX"
240,711494428,SWORD HOUSE,TOTTERIDGE ROAD,,HIGH WYCOMBE,BUCKINGHAMSHIRE,HP13 6DG,GB,Special character ,Swapping the order of dataset  - City,"SWORD HOUSE,TOTTERIDGE ROAD,HIGH WYCOMBE,BUCKINGHAMSHIRE,HP13 6DG"
241,711557230,Riverbank House,2 Swan Lane,,London,,EC4R 3AD,GB,Special character ,Swapping the order of dataset  - City,"Riverbank House,2 Swan Lane,London,EC4R 3AD"
242,711144968,West House,Kings Cross Road,,Halifax,,HX1 1EB,GB,Special character ,Swapping the order of dataset  - City,"West House,Kings Cross Road,Halifax,HX1 1EB"
243,711658491,TNT Express House,Holly Lane,,Atherstone,,CV9 2RY,GB,Special character ,Swapping the order of dataset  - City,"TNT Express House,Holly Lane,Atherstone,CV9 2RY"
244,712141351,Old Change House,128 Queen Victoria Street,,London,GB-ENG,EC4V 4BJ,GB,Special character ,Swapping the order of dataset  - City,"Old Change House,128 Queen Victoria Street,London, ,EC4V 4BJ"
245,717522588,MONTAGU HOUSE,81 HIGH STREET,,HUNTINGDON,GB-ENG,PE29 3NY,GB,Special character ,Swapping the order of dataset  - City,"MONTAGU HOUSE,81 HIGH STREET,HUNTINGDON, ,PE29 3NY"
246,711639171,WATERHOUSE MILLS,BEETHAM,,MILNTHORPE,,LA7 7AR,GB,Special character ,Swapping the order of dataset  - City,"WATERHOUSE MILLS,BEETHAM,MILNTHORPE,LA7 7AR"
247,711500225,ABBVIE HOUSE VANWALL BUSINESS PARK,VANWALL ROAD,BERKSHIRE,MAIDENHEAD,GB-ENG,SL6 4UB,GB,Special character ,Swapping the order of dataset  - City,"ABBVIE HOUSE VANWALL BUSINESS PARK,VANWALL ROAD,BERKSHIRE,MAIDENHEAD, ,SL6 4UB"
248,710789814,CANNON PLACE,78 CANNON STREET,,LONDON,UNITED KINGDOM-NA,EC4N 6AF,GB,Special character ,Swapping the order of dataset  - City,"CANNON PLACE,78 CANNON STREET,LONDON, ,EC4N 6AF"
249,712722909,CANADA LIFE PLACE,HIGH STREET,,POTTERS BAR,,EN6 5BA,GB,Special character ,Swapping the order of dataset  - City,"CANADA LIFE PLACE,HIGH STREET,POTTERS BAR,EN6 5BA"
